mean_x,mean_y,mean_z,corr_A,corr_B,corr_C,stddev_x,stddev_y,stddev_z,var_x,var_y,var_z,Activity
-0.451287531853,-2.69592082463,8.21057259242,0.287454836612,0.757446959567,0.506724841259,0.147885160156,0.162341403883,0.129112543565,3.05684395848,3.15024477903,1.33884105632,S
0.270363907578,-4.84294162591,7.64419316451,-0.137162158185,0.134549260083,-0.0281901356152,0.127614848919,0.050055241107,0.0679263526388,1.61585617523,0.0391237081577,0.135873927881,S
0.440618261555,-5.21477715969,7.62262757619,-0.293578228886,-0.213788279625,-0.200473511999,0.124876514903,0.0441232820667,0.0611006019769,1.94081362668,0.0211389439578,0.0706828321778,S
0.308727874483,-5.21886321704,7.71547295252,-0.0449923411283,-0.0770275998364,-0.0503059677392,0.138283594875,0.0572548472192,0.0548103230381,2.4811799424,0.066521917301,0.059895612109,S
0.162309147278,-7.66235357126,3.47069162043,-0.250562592518,0.62245281127,-0.12887335699,0.144882650248,0.110851556177,0.161806078941,2.44816869663,0.807371278845,3.4415621608,S
0.555710176347,-9.19214573701,3.10112618947,0.286931858258,-0.405040237765,-0.315186408819,0.152630865848,0.0977674953829,0.15037869905,3.57202748733,0.535865279466,2.55305762526,S
0.655592743959,-9.05821219682,-1.32049271255,-0.415908927954,0.0763197540931,-0.0448980607141,0.125979805544,0.162239065373,0.144026777854,1.78533183794,6.32901253635,2.41673277461,S
1.39835570306,-2.69592082463,8.21057259242,-0.36796550574,0.757446959567,-0.369673902811,0.142998170809,0.162341403883,0.129112543565,2.72763667452,3.15024477903,1.33884105632,S
1.46259834465,-4.84294162591,7.64419316451,0.127098650197,0.134549260083,-0.21326997849,0.15729904769,0.050055241107,0.0679263526388,3.79184127823,0.0391237081577,0.135873927881,S
1.63761980586,-5.21477715969,7.62262757619,-0.176426836182,-0.213788279625,0.126810055016,0.188469190623,0.0441232820667,0.0611006019769,8.200004867,0.0211389439578,0.0706828321778,S
1.47326761466,-5.21886321704,7.71547295252,0.301342631046,-0.0770275998364,0.143171691387,0.187920595328,0.0572548472192,0.0548103230381,7.36496471331,0.066521917301,0.059895612109,S
1.53478619891,-7.66235357126,3.47069162043,0.0246505539608,0.62245281127,-0.143150942768,0.177542552985,0.110851556177,0.161806078941,5.89215020225,0.807371278845,3.4415621608,S
1.43059052487,-9.19214573701,3.10112618947,0.00260249784172,-0.405040237765,0.0547530032447,0.155968085501,0.0977674953829,0.15037869905,3.36725896242,0.535865279466,2.55305762526,S
0.317354108641,-2.69592082463,8.21057259242,-0.240825803467,0.757446959567,-0.0648740779078,0.165773289001,0.162341403883,0.129112543565,4.38275786053,3.15024477903,1.33884105632,W
0.745941057616,-4.84294162591,7.64419316451,-0.20800453288,0.134549260083,0.0295851542953,0.158677047839,0.050055241107,0.0679263526388,4.6341765663,0.0391237081577,0.135873927881,W
0.698269832507,-5.21477715969,7.62262757619,-0.159257153563,-0.213788279625,0.217317834388,0.172156845048,0.0441232820667,0.0611006019769,6.25272216472,0.0211389439578,0.0706828321778,W
1.08667674448,-5.21886321704,7.71547295252,-0.218651198546,-0.0770275998364,-0.210961279622,0.177961394318,0.0572548472192,0.0548103230381,7.44428208266,0.066521917301,0.059895612109,W
1.01176482119,-7.66235357126,3.47069162043,-0.0538844730054,0.62245281127,-0.110629178285,0.159469986662,0.110851556177,0.161806078941,4.95839630941,0.807371278845,3.4415621608,W
1.06942430884,-9.19214573701,3.10112618947,-0.200785743856,-0.405040237765,-0.0469265936923,0.187600923463,0.0977674953829,0.15037869905,8.72972630138,0.535865279466,2.55305762526,W
1.06170611251,-9.05821219682,-1.32049271255,-0.0219357601023,0.0763197540931,-0.191997938113,0.162086029364,0.162239065373,0.144026777854,5.87467992509,6.32901253635,2.41673277461,W
1.12095461699,-9.2069010973,-1.39018348739,0.0232187593481,-0.23865748318,0.0296098658997,0.164646103956,0.123340901938,0.154750446136,5.6750536317,2.30081839295,2.37704184865,W
1.21152992621,-10.0223058701,-0.422003773507,-0.11402531252,0.613003654281,-0.312512892421,0.180566299346,0.126661067218,0.0857933714193,6.82940358087,2.56907279065,0.341619029365,W
1.51163160261,-8.75493255059,-3.16741185983,-0.276437725886,-0.0210095509086,-0.0681937476334,0.171369846742,0.196972688756,0.160605150381,5.57321083555,7.65751643829,3.91219460698,W
1.2987001615,-9.04209488283,-2.5796938429,0.0714120657753,0.565512255996,-0.0620881426744,0.165818540631,0.323057635282,0.199010554158,5.72600716035,50.9249072262,7.81205950339,W
1.37134200145,-9.22006736199,-2.72974470866,0.044845829418,-0.0206451227902,-0.0378590049174,0.173168152728,0.219588497447,0.159195506875,6.14253723054,12.7903881736,3.87198456101,W
1.47735371863,-9.02007528146,-1.89345534121,-0.0397067519357,-0.126618850754,0.0956904183518,0.155341058569,0.21574923016,0.154038973061,4.17929724942,11.638113078,4.2417053916,W
1.42718544273,-9.41211428642,-0.905072104931,-0.141714194495,0.260313014878,-0.195277146764,0.156095900423,0.184131489855,0.144464224819,4.23528860674,6.17795138268,3.74238963457,W
1.32321678589,-9.06002830664,-1.16794482639,0.0885405346054,0.36787446515,-0.154844065647,0.161177890552,0.160093661793,0.16912341726,4.20655430925,4.3407197262,5.70554911814,W
1.51412863781,-9.36784814199,-1.86939272856,-0.188349188331,-0.00576271474302,0.183593698965,0.146309664724,0.0904570021639,0.0945199699474,2.92313989745,0.415853551262,0.647120338999,W
1.18088415898,-2.69592082463,8.21057259242,0.431356913498,0.757446959567,0.243204871468,0.13051103398,0.162341403883,0.129112543565,2.14548561909,3.15024477903,1.33884105632,W
1.34614436822,-4.84294162591,7.64419316451,-0.0263204503409,0.134549260083,-0.063347666594,0.159463151957,0.050055241107,0.0679263526388,4.75020646586,0.0391237081577,0.135873927881,W
1.48348288288,-5.21477715969,7.62262757619,-0.0087956229318,-0.213788279625,0.0615598834398,0.165059210773,0.0441232820667,0.0611006019769,4.86792350256,0.0211389439578,0.0706828321778,W
1.56861005276,-5.21886321704,7.71547295252,0.108759097401,-0.0770275998364,-0.227253615803,0.168218580507,0.0572548472192,0.0548103230381,5.23081934761,0.066521917301,0.059895612109,W
1.57383116608,-7.66235357126,3.47069162043,-0.0421911589062,0.62245281127,0.0926896502041,0.176973131701,0.110851556177,0.161806078941,6.73004975485,0.807371278845,3.4415621608,W
1.97449642808,-9.19214573701,3.10112618947,0.0331699708834,-0.405040237765,0.10445344233,0.171942160639,0.0977674953829,0.15037869905,5.63364752901,0.535865279466,2.55305762526,W
1.64465700736,-9.05821219682,-1.32049271255,-0.161619839704,0.0763197540931,-0.259984711398,0.164837616729,0.162239065373,0.144026777854,4.812026362,6.32901253635,2.41673277461,W
1.72615206419,-9.2069010973,-1.39018348739,0.0432045598677,-0.23865748318,0.00955614955543,0.156441829962,0.123340901938,0.154750446136,4.16163495689,2.30081839295,2.37704184865,W
1.5347861845,-10.0223058701,-0.422003773507,0.0790293816294,0.613003654281,0.00216229278508,0.155464851312,0.126661067218,0.0857933714193,4.20597992401,2.56907279065,0.341619029365,W
1.61741628901,-8.75493255059,-3.16741185983,0.0128000573923,-0.0210095509086,-0.0711395243415,0.172301308265,0.196972688756,0.160605150381,6.02253251462,7.65751643829,3.91219460698,W
1.78676261784,-9.04209488283,-2.5796938429,-0.247916206753,0.565512255996,-0.296526491898,0.180060940676,0.323057635282,0.199010554158,5.9988487676,50.9249072262,7.81205950339,W
1.88392108877,-9.22006736199,-2.72974470866,0.267356744697,-0.0206451227902,0.106032664067,0.151298253928,0.219588497447,0.159195506875,3.8693318506,12.7903881736,3.87198456101,W
1.81037122943,-9.02007528146,-1.89345534121,0.408729339539,-0.126618850754,-0.0547988714435,0.179512013842,0.21574923016,0.154038973061,7.85091136802,11.638113078,4.2417053916,W
2.15905210852,-9.41211428642,-0.905072104931,0.316810297749,0.260313014878,0.228486159184,0.175028229033,0.184131489855,0.144464224819,5.8072663963,6.17795138268,3.74238963457,W
1.81831641921,-9.06002830664,-1.16794482639,-0.137121702728,0.36787446515,0.376055515013,0.149603584053,0.160093661793,0.16912341726,3.23858482514,4.3407197262,5.70554911814,W
1.57655525375,-9.36784814199,-1.86939272856,-0.206384911696,-0.00576271474302,-0.173497145171,0.153807337606,0.0904570021639,0.0945199699474,3.55172672309,0.415853551262,0.647120338999,W
1.92092303174,-9.1624079148,-3.24663688541,-0.0781029439279,0.21912310876,0.0457881328784,0.165540252801,0.105521686852,0.117475161982,5.6126308361,0.743667222329,1.2425717811,W
1.75498179095,-8.43167624473,-3.15810464857,-0.642026033948,-0.340192420594,-0.145142464817,0.180901592426,0.203910228932,0.189198628059,5.55581230282,10.360851887,6.34619992752,W
1.38904846019,-8.54608720143,-2.73768989568,-0.0602041544098,-0.210245003316,-0.44739969278,0.170696842337,0.207561685173,0.16288875137,5.4460299461,9.35436073201,4.44471735107,W
0.886003618812,-9.04572690328,-2.89818300319,0.124585656066,-0.0110235163754,0.294280262721,0.171131692308,0.194980621915,0.166061611577,5.33417424145,7.61842876386,4.68148406109,W
1.35181952283,-9.10883453687,-2.73201475044,-0.234478769427,-0.102183876163,-0.0364085534083,0.203865883402,0.188963260857,0.150057253755,9.97253159202,6.77040968751,3.52119976567,W
1.65668830005,-8.50136702856,-3.30860947718,-0.240079024453,-0.106678425633,-0.245612378341,0.208352322406,0.216639068699,0.18680312609,10.2141735137,12.4462398083,8.13198674993,W
1.45011302729,-9.09430618286,-0.963866602893,-0.187283856314,-0.485772194891,0.169358034633,0.117215039451,0.13583853621,0.133759663654,1.31232178752,2.04803721706,1.43295545492,W
-0.239037081351,3.52494598627,9.06002831459,0.0718712669488,-0.514543194233,0.0507072507863,0.252897511362,0.0704073225972,0.0727694317261,23.2037065477,0.119796684764,0.155469931692,J
0.848093616342,3.04051564137,9.28249398867,0.155066483886,-0.414418494687,0.0490455693253,0.291716817658,0.0576054566809,0.0553064744154,36.96907201,0.0528391710188,0.0506326713309,J
0.91233631981,3.49066812595,9.03301455975,0.0313917224079,-0.374624911428,0.0592224663668,0.294050135066,0.0306315391467,0.0524133162233,39.8052435524,0.00480507469476,0.0564012472968,J
0.83674335492,3.52994011243,9.13675635656,-0.102583691684,-0.324606349866,-0.0734365891631,0.260879045444,0.035088716959,0.0440796557635,27.5224628518,0.00710717452533,0.0246041243616,J
2.52407745645,3.27773668965,8.79624756972,-0.0249464790689,0.13132477768,0.165994928456,0.279611501651,0.0993911451181,0.0835792703662,33.8346585296,0.72196230726,0.323042488072,J
1.72433602499,-6.21496468075,4.06385774687,-0.143422068741,0.603367339622,-0.0375654119648,0.278911138449,0.235663234822,0.18072745917,33.6132031274,13.3935689057,5.19183492236,J
2.83870747201,-8.35086224874,3.33335307439,0.0702162396176,0.815484348653,0.0920589444403,0.280638889135,0.100967742969,0.160333410769,32.4918008321,0.454798917221,2.99860751981,J
2.42805396744,-6.09805665811,6.59951249758,-0.212532773643,0.328363330532,-0.0741762372252,0.212836987271,0.0904399820055,0.100292259252,10.6507402199,0.354099361893,0.512920520041,J
1.8500972053,3.52494598627,9.06002831459,0.204165503094,-0.514543194233,-0.156331717211,0.238419357697,0.0704073225972,0.0727694317261,26.2636780213,0.119796684764,0.155469931692,J
2.07982710488,3.04051564137,9.28249398867,-0.0887472178419,-0.414418494687,-0.162705503147,0.297235793381,0.0576054566809,0.0553064744154,46.9906410031,0.0528391710188,0.0506326713309,J
1.17293890314,3.49066812595,9.03301455975,-0.0266085108069,-0.374624911428,0.234163812322,0.315039698974,0.0306315391467,0.0524133162233,54.2591735832,0.00480507469476,0.0564012472968,J
1.14819529507,3.52994011243,9.13675635656,-0.0705172103351,-0.324606349866,0.188922353561,0.301173305621,0.035088716959,0.0440796557635,46.5233158178,0.00710717452533,0.0246041243616,J
1.73228123051,3.27773668965,8.79624756972,0.0747446588657,0.13132477768,0.263612715545,0.289078667775,0.0993911451181,0.0835792703662,41.8579564985,0.72196230726,0.323042488072,J
2.9211105609,-6.21496468075,4.06385774687,0.218925498677,0.603367339622,-0.0709661670597,0.233568486335,0.235663234822,0.18072745917,17.9793596941,13.3935689057,5.19183492236,J
-11.0084189818,3.52494598627,9.06002831459,0.0197561687878,-0.514543194233,0.169934710427,0.30419650452,0.0704073225972,0.0727694317261,42.086275639,0.119796684764,0.155469931692,R
-6.34526597708,3.04051564137,9.28249398867,-0.0904535759674,-0.414418494687,-0.351392207729,0.363676368993,0.0576054566809,0.0553064744154,81.1702381384,0.0528391710188,0.0506326713309,R
-10.8293114225,3.49066812595,9.03301455975,-0.231237005511,-0.374624911428,0.0608194831452,0.294493586943,0.0306315391467,0.0524133162233,33.7501116904,0.00480507469476,0.0564012472968,R
-14.5789931774,3.52994011243,9.13675635656,-0.167054576101,-0.324606349866,-0.00403252035931,0.209211710001,0.035088716959,0.0440796557635,10.2876819869,0.00710717452533,0.0246041243616,R
-12.7307119926,3.27773668965,8.79624756972,0.118732777382,0.13132477768,-0.138336348665,0.246150154877,0.0993911451181,0.0835792703662,16.6635508398,0.72196230726,0.323042488072,R
-6.5504791061,-6.21496468075,4.06385774687,-0.149297412883,0.603367339622,0.170063185136,0.39099585218,0.235663234822,0.18072745917,98.5456637297,13.3935689057,5.19183492236,R
-8.98443535013,-8.35086224874,3.33335307439,-0.0571671020127,0.815484348653,-0.118249292352,0.309638851099,0.100967742969,0.160333410769,46.0977187346,0.454798917221,2.99860751981,R
-12.5286769152,-6.09805665811,6.59951249758,0.319081494157,0.328363330532,-0.0797347873857,0.23799778935,0.0904399820055,0.100292259252,14.1811257408,0.354099361893,0.512920520041,R
-6.83060428717,-5.94482775331,6.06309772932,0.218068983386,0.635467176631,0.493181360957,0.369333718415,0.182718394124,0.198084260329,82.2108376217,5.64875571335,8.90951933319,R
-6.46898411006,-8.58399716019,-1.99765099473,0.231315267679,0.0727574775871,0.0959812976289,0.379089572397,0.176314969443,0.100835546875,91.7251474845,6.71295712641,0.594749081126,R
-9.2336877505,3.52494598627,9.06002831459,0.17734321931,-0.514543194233,0.490884948601,0.214847351974,0.0704073225972,0.0727694317261,12.5732615049,0.119796684764,0.155469931692,R
-8.76628274718,3.04051564137,9.28249398867,0.0816637392882,-0.414418494687,0.0452847836453,0.308814534007,0.0576054566809,0.0553064744154,51.812992874,0.0528391710188,0.0506326713309,R
-7.51457283942,3.49066812595,9.03301455975,0.208528827104,-0.374624911428,-0.0434908963506,0.380528067507,0.0306315391467,0.0524133162233,98.1440203604,0.00480507469476,0.0564012472968,R
-6.21927771766,3.52994011243,9.13675635656,0.00977970223491,-0.324606349866,0.134763478646,0.409904702164,0.035088716959,0.0440796557635,132.759107448,0.00710717452533,0.0246041243616,R
-5.1904874665,3.27773668965,8.79624756972,0.0110883433723,0.13132477768,-0.0738459036643,0.400068088457,0.0993911451181,0.0835792703662,122.945200622,0.72196230726,0.323042488072,R
-6.06854580218,-6.21496468075,4.06385774687,-0.00834721409013,0.603367339622,-0.293790765677,0.393257849797,0.235663234822,0.18072745917,115.642562634,13.3935689057,5.19183492236,R
-8.0380481181,-8.35086224874,3.33335307439,0.0688366861108,0.815484348653,0.00629311197123,0.366573166911,0.100967742969,0.160333410769,82.2072685606,0.454798917221,2.99860751981,R
-7.50617363652,-6.09805665811,6.59951249758,-0.471192567534,0.328363330532,0.0142439895251,0.244298480409,0.0904399820055,0.100292259252,25.5836939719,0.354099361893,0.512920520041,R
3.33948225849,3.61915339629,9.00963299274,-0.144495385774,-0.457963196033,0.328226074544,0.157372411276,0.102201213706,0.112492718674,3.93250730134,0.528224595414,0.819471305618,J
3.29476212748,3.82845273018,8.95242760976,-0.00201063015145,-0.578315913478,-0.203049783012,0.197159470563,0.0613634650871,0.0703453565427,9.78310672889,0.0940919552254,0.135771534161,J
2.36449235802,3.98576776584,8.93880721728,0.128369052179,-0.0774667367777,0.0559376163534,0.19611656486,0.0484512345318,0.0650434157903,8.45022078348,0.0409889266991,0.111661099622,J
3.01736104935,3.98213566144,8.75901860396,-0.189616048893,0.203426611823,-0.0725009141591,0.20308051351,0.0976119209671,0.112922274872,9.88479217839,0.632470008028,1.14221386737,J
2.9179324938,-4.4318341208,-5.18254230122,0.380566887481,0.725121671116,0.154130726113,0.189171510866,0.221826583393,0.232909187574,7.67468604329,12.0653637814,18.9999878264,J
2.65891888067,-3.479998843,-8.75016540686,-0.00259641058294,-0.660807095188,0.0559199960561,0.189501730816,0.177308710498,0.189702292587,7.13206565358,4.81795563661,6.64551782873,J
2.04804630112,-6.94660436809,-1.32208176004,0.00163383335071,-0.422861852736,0.27543389503,0.210884097576,0.225285930496,0.196470690656,13.2886352908,12.6248824912,8.4604127184,J
2.45257062103,-9.35990294814,0.10419566383,-0.0298538361182,0.201825150698,0.232595855371,0.218318595482,0.260085848064,0.218248383301,12.9424721435,20.9223914999,16.0335982371,J
2.36653542761,-7.91387603568,-0.0610645706436,0.00539428790215,0.359861051372,0.0939437536329,0.18215740973,0.316260660349,0.239672926162,7.44002222204,45.2920607547,23.0572020767,J
2.52316941853,-8.21329666525,1.02016406689,-0.0426427703265,0.221912340576,0.147993067473,0.175788636402,0.295056586575,0.219034115228,6.41057721337,37.0987146616,15.8029754327,J
2.1197801051,-8.96945299904,0.609510552635,0.248702353387,0.169223133327,0.224127014862,0.199212808375,0.293624792612,0.219102610968,9.92830594895,37.0295215497,14.7470421071,J
2.09140439356,-9.42664255674,0.401119229074,0.155282976232,0.355612986412,0.00711638129235,0.205716472091,0.294520587986,0.225757942253,9.42379297947,39.2407716214,16.7006404064,J
2.42396788498,-8.86843540991,1.21856712028,-0.0925239029463,0.294495019105,-0.130323411126,0.196797460791,0.31576512518,0.235303777729,9.40922559098,44.6708038272,17.6719224083,J
2.65256270329,-8.01920673251,-0.137792514763,0.0102149955327,0.400724951092,-0.196127480237,0.20040636545,0.314394195236,0.259064083118,8.77415589707,45.3529184767,28.6548694611,J
2.69955291613,-8.96945301692,1.13298593043,0.223903768098,0.242500380723,-0.0737201624963,0.172350428714,0.293500718728,0.224947236533,4.68650677279,39.0162686595,16.86303174,J
1.50391340069,3.61915339629,9.00963299274,0.226889755652,-0.457963196033,-0.144520990025,0.246228557823,0.102201213706,0.112492718674,19.5823556081,0.528224595414,0.819471305618,J
0.422003766413,3.82845273018,8.95242760976,0.232726805899,-0.578315913478,-0.297052830153,0.280469290697,0.0613634650871,0.0703453565427,34.5059608383,0.0940919552254,0.135771534161,J
0.929361744831,3.98576776584,8.93880721728,0.0281538982384,-0.0774667367777,0.175801280794,0.278274006141,0.0484512345318,0.0650434157903,32.7372333049,0.0409889266991,0.111661099622,J
0.951608320264,3.98213566144,8.75901860396,0.220163115873,0.203426611823,0.164396733006,0.260659200687,0.0976119209671,0.112922274872,23.3173102628,0.632470008028,1.14221386737,J
0.886230604848,-4.4318341208,-5.18254230122,0.0652037735446,0.725121671116,0.315913556772,0.263702836145,0.221826583393,0.232909187574,25.816386549,12.0653637814,18.9999878264,J
1.5527196286,-3.479998843,-8.75016540686,0.00523689642165,-0.660807095188,0.401328290633,0.262579893223,0.177308710498,0.189702292587,25.9472714446,4.81795563661,6.64551782873,J
0.865346085823,-6.94660436809,-1.32208176004,-0.183038046722,-0.422861852736,0.137774191795,0.254424434018,0.225285930496,0.196470690656,22.2600261626,12.6248824912,8.4604127184,J
1.46282534068,-9.35990294814,0.10419566383,0.192440283158,0.201825150698,0.127729397882,0.234645529344,0.260085848064,0.218248383301,15.6699179057,20.9223914999,16.0335982371,J
1.48734197576,-7.91387603568,-0.0610645706436,-0.180839911185,0.359861051372,-0.10800739279,0.212605470917,0.316260660349,0.239672926162,11.7798214561,45.2920607547,23.0572020767,J
3.02848430571,3.61915339629,9.00963299274,-0.35054470042,-0.457963196033,0.0728192066183,0.281696904909,0.102201213706,0.112492718674,36.4915209969,0.528224595414,0.819471305618,R
1.77291526012,3.82845273018,8.95242760976,-0.347510773887,-0.578315913478,0.20043195794,0.335530574848,0.0613634650871,0.0703453565427,62.9781178102,0.0940919552254,0.135771534161,R
-0.175929527482,3.98576776584,8.93880721728,0.0255526612807,-0.0774667367777,-0.123675377843,0.363974065335,0.0484512345318,0.0650434157903,89.3452010131,0.0409889266991,0.111661099622,R
-0.602019390653,3.98213566144,8.75901860396,-0.0528770849928,0.203426611823,0.000876275370278,0.338035192706,0.0976119209671,0.112922274872,74.8044488356,0.632470008028,1.14221386737,R
-0.152093889935,-4.4318341208,-5.18254230122,0.199856930064,0.725121671116,0.306229869409,0.272229785086,0.221826583393,0.232909187574,36.4419245161,12.0653637814,18.9999878264,R
0.325299302799,-3.479998843,-8.75016540686,0.214082797938,-0.660807095188,-0.0441428744884,0.206657273371,0.177308710498,0.189702292587,11.7411987033,4.81795563661,6.64551782873,R
1.22537730215,3.61915339629,9.00963299274,0.0143142828264,-0.457963196033,-0.3770874498,0.245263587595,0.102201213706,0.112492718674,21.4767709269,0.528224595414,0.819471305618,R
0.122356116961,3.82845273018,8.95242760976,0.0544151902842,-0.578315913478,-0.257057167639,0.300406667518,0.0613634650871,0.0703453565427,43.4530242349,0.0940919552254,0.135771534161,R
0.115545947042,3.98576776584,8.93880721728,0.0835619903463,-0.0774667367777,0.339836946146,0.330438779578,0.0484512345318,0.0650434157903,64.0716517066,0.0409889266991,0.111661099622,R
-0.990880324876,3.98213566144,8.75901860396,-0.189283710147,0.203426611823,0.038674432436,0.35768013704,0.0976119209671,0.112922274872,81.9383194141,0.632470008028,1.14221386737,R
-0.809275673578,-4.4318341208,-5.18254230122,0.311526488792,0.725121671116,0.326633099898,0.355874684023,0.221826583393,0.232909187574,83.5495276014,12.0653637814,18.9999878264,R
0.154590969036,-3.479998843,-8.75016540686,-0.262818719453,-0.660807095188,0.288247691231,0.270341123839,0.177308710498,0.189702292587,31.2129089259,4.81795563661,6.64551782873,R
-0.153001904115,4.06317673524,8.89272503058,-0.0970850260974,0.0566270099773,0.0368159123693,0.228097447989,0.0706618792636,0.092003383565,15.4203995293,0.142427438883,0.492936761853,J
-0.530512538072,4.10199474096,8.87547265689,-0.0678851540375,-0.640750569789,0.148504715159,0.255609302406,0.0761547741296,0.0838940162263,21.2934861456,0.174503606903,0.287879624226,J
-1.29234398498,4.44363845189,8.72678376834,0.0096289902317,-0.707745574511,0.12784480577,0.263640088604,0.0698476970328,0.0726371273245,23.2415242424,0.114940776288,0.163957106923,J
-0.725510535078,4.18076574802,8.80283069611,0.158287888692,-0.571262357718,-0.107357641102,0.258760930292,0.0583300346739,0.07585778454,22.2807559864,0.0653287045577,0.171007907533,J
-1.0047276201,4.1448988239,8.84505382379,-0.187035063621,-0.236369275379,-0.0391095745813,0.260797425007,0.0904371470696,0.10732214857,22.6954989649,0.34080776888,0.780763144408,J
-0.486019411932,-1.60334194029,7.25737528006,-0.130743404028,0.728543830548,-0.0569535087013,0.254581408046,0.256251988227,0.155253518703,20.4982543294,18.7622635757,2.97779432642,J
-0.926864656588,-8.80827890237,1.77109922071,-0.21587347182,-0.0105611612982,0.0695495028176,0.240627270353,0.112711398244,0.111866202636,17.2004778109,1.40737933424,0.906395440079,J
-0.802011490365,-4.98413926363,5.65721148849,-0.103757544247,0.6056729176,0.0787004453833,0.257334766562,0.188643316105,0.198958349644,21.9307591491,6.42627532643,8.29362007778,J
-0.606332474389,-8.30296397607,-0.420414730969,-0.00642789198149,-0.016182534964,-0.0958050626929,0.235970244505,0.190249119476,0.196525516424,15.7483572582,7.01670815031,8.80715137801,J
-0.702582933319,4.06317673524,8.89272503058,-0.105903662881,0.0566270099773,0.0517282547085,0.18028552183,0.0706618792636,0.092003383565,6.58969359623,0.142427438883,0.492936761853,J
-1.85758842764,4.10199474096,8.87547265689,0.0443744835219,-0.640750569789,0.0156276972015,0.255958533064,0.0761547741296,0.0838940162263,24.6080009571,0.174503606903,0.287879624226,J
-2.18651982732,4.44363845189,8.72678376834,-0.0020487827623,-0.707745574511,-0.211601119156,0.260668057396,0.0698476970328,0.0726371273245,24.2116381281,0.114940776288,0.163957106923,J
-2.14066464609,4.18076574802,8.80283069611,-0.0435252475743,-0.571262357718,-0.0881856588806,0.286050149051,0.0583300346739,0.07585778454,36.0508489338,0.0653287045577,0.171007907533,J
-0.536868719757,4.1448988239,8.84505382379,-0.116852839874,-0.236369275379,0.269109043813,0.304804279622,0.0904371470696,0.10732214857,42.8002470989,0.34080776888,0.780763144408,J
1.01221882527,-1.60334194029,7.25737528006,-0.0150390666159,0.728543830548,-0.189906706582,0.296834027574,0.256251988227,0.155253518703,43.3101533652,18.7622635757,2.97779432642,J
1.32367079236,-8.80827890237,1.77109922071,0.13415427094,-0.0105611612982,-0.0364358986441,0.264153054343,0.112711398244,0.111866202636,30.9973838965,1.40737933424,0.906395440079,J
2.35904423725,4.06317673524,8.89272503058,-0.0493484902871,0.0566270099773,-0.0687164887904,0.17627059417,0.0706618792636,0.092003383565,6.32463829205,0.142427438883,0.492936761853,R
2.19605409354,4.10199474096,8.87547265689,0.061563288053,-0.640750569789,0.0234601701718,0.248715113807,0.0761547741296,0.0838940162263,20.4177913484,0.174503606903,0.287879624226,R
2.08209718143,4.44363845189,8.72678376834,-0.0485838269084,-0.707745574511,0.0207737383483,0.276322233499,0.0698476970328,0.0726371273245,31.4254053197,0.114940776288,0.163957106923,R
2.50160386656,4.18076574802,8.80283069611,0.0859685079107,-0.571262357718,-0.0101941783312,0.263004485744,0.0583300346739,0.07585778454,25.7624857452,0.0653287045577,0.171007907533,R
1.85191329109,4.1448988239,8.84505382379,0.102052957392,-0.236369275379,-0.0640549044192,0.265321788936,0.0904371470696,0.10732214857,27.2234565346,0.34080776888,0.780763144408,R
2.86435915902,-1.60334194029,7.25737528006,-0.0123764404707,0.728543830548,0.0415909778786,0.297984334694,0.256251988227,0.155253518703,41.11837198,18.7622635757,2.97779432642,R
2.66232397917,-8.80827890237,1.77109922071,-0.0796227855124,-0.0105611612982,0.17431022756,0.292156131542,0.112711398244,0.111866202636,35.5403481097,1.40737933424,0.906395440079,R
3.36286388068,-4.98413926363,5.65721148849,-0.124738235585,0.6056729176,-0.0246305353753,0.247964214357,0.188643316105,0.198958349644,21.8963266057,6.42627532643,8.29362007778,R
2.02284868298,-8.30296397607,-0.420414730969,-0.0980503833818,-0.016182534964,0.149053071708,0.277697766926,0.190249119476,0.196525516424,31.8177898004,7.01670815031,8.80715137801,R
2.29003445581,-9.64025511344,-0.368203405586,0.116054552167,0.269303273777,-0.0147429249433,0.276811929389,0.208683533517,0.186913286581,31.7521988028,9.8775263918,8.64150010348,R
2.39037103869,-9.3542278111,-1.17589002382,0.327632302482,0.185969184194,0.219547136832,0.211343975805,0.182720850583,0.170565683345,12.3285194181,8.1299733421,5.15182506717,R
3.77079322168,4.06317673524,8.89272503058,0.273046489723,0.0566270099773,0.191582630279,0.269504396299,0.0706618792636,0.092003383565,31.2129148901,0.142427438883,0.492936761853,R
2.62373297214,4.10199474096,8.87547265689,0.0214060477816,-0.640750569789,0.18170026904,0.359661462229,0.0761547741296,0.0838940162263,91.4139733152,0.174503606903,0.287879624226,R
3.48794409788,4.44363845189,8.72678376834,-0.0177917867611,-0.707745574511,0.0121136840449,0.370068297943,0.0698476970328,0.0726371273245,102.861075104,0.114940776288,0.163957106923,R
4.47019813855,4.18076574802,8.80283069611,-0.152518148211,-0.571262357718,0.275435071115,0.359616527263,0.0583300346739,0.07585778454,99.7986126614,0.0653287045577,0.171007907533,R
4.1417207349,4.1448988239,8.84505382379,-0.0826511600399,-0.236369275379,-0.173503118484,0.349374336542,0.0904371470696,0.10732214857,90.1804962773,0.34080776888,0.780763144408,R
4.51219418694,-1.60334194029,7.25737528006,0.0372450053887,0.728543830548,0.0919571201811,0.326428979493,0.256251988227,0.155253518703,62.4318197389,18.7622635757,2.97779432642,R
4.79231935243,-8.80827890237,1.77109922071,-0.241700194394,-0.0105611612982,0.190545637566,0.264478637883,0.112711398244,0.111866202636,24.9455081558,1.40737933424,0.906395440079,R
2.11183489226,-2.23986619785,-0.300782700379,-0.251795573928,0.905830939409,-0.353868183041,0.226863022567,0.284427661358,0.351194947697,21.0414327274,24.9709247857,60.8874088069,S
3.64503205617,-4.76848372202,-7.08530488412,-0.149801643207,-0.93079214444,0.143342428689,0.163739630933,0.228095198797,0.182874151904,3.67421909698,11.0737739037,4.70476256078,S
3.39192058394,-4.4359202231,-4.45112966398,-0.0298228936886,-0.60204973832,-0.011086031067,0.1398064371,0.207273852325,0.193906820514,2.53745216371,9.27844472203,6.93894712975,S
3.06934536099,-8.68773878813,-1.50572942921,-0.111113662553,-0.404024055914,0.283129973824,0.140788683258,0.232583526278,0.152940612732,1.9612955535,15.397719588,3.40921943291,S
2.98989333324,-9.18828657369,-0.13892756033,-0.0944771510859,-0.293227503604,0.341279104662,0.154411939804,0.251221471768,0.175092332155,3.06715106895,19.4749266307,8.31517041491,S
2.96605771134,-8.25756282806,-1.07759652982,0.394140132962,-0.279551099083,0.0523013341358,0.140929355666,0.27434535681,0.17810583235,2.58739259581,28.3489083259,6.85753029707,S
3.45094210505,-9.16218089722,-1.34727939436,0.209973196944,-0.112146104749,-0.0550759686492,0.114826220334,0.255261353505,0.178237558868,0.88707682877,20.450958105,7.62854606531,S
3.45457418561,-9.75829811891,-0.0594755141681,0.29939168157,0.432765327355,0.271779597081,0.149014330498,0.217966132428,0.186369745547,3.26641485105,11.5204516814,10.8237279606,S
3.28749792775,-9.02597746054,1.21039490507,0.0685784144548,0.214619477035,0.379024215976,0.133110885507,0.106529312889,0.138164830054,1.80358454457,0.886790811829,2.20851730434,S
3.20918092628,-7.65372738838,-3.11769758634,0.0627534416929,-0.621758979026,-0.305722766862,0.131644556388,0.198094619755,0.199772764658,1.59360872498,8.2151822045,7.73855508226,S
2.85732194533,-9.06025531254,-1.44988602959,0.0592947050597,-0.209043820338,0.227232176361,0.154166722871,0.235725267229,0.168915127137,3.18838025512,17.1147349699,5.88193074872,S
2.70409304649,-8.97036100775,-1.24898589173,0.586072845368,-0.18665437649,-0.39798138882,0.143367208625,0.251193902217,0.159040348086,2.40901064861,20.2426522906,5.15591031895,S
2.86935327997,-9.00441189855,-1.14615226577,0.198616895269,-0.201768818034,0.231758116533,0.151947031694,0.232389895493,0.160980829963,3.28366278157,16.3709181824,5.59555627934,S
2.61919285152,-2.23986619785,-0.300782700379,0.157242929974,0.905830939409,-0.00743916086999,0.13671940506,0.284427661358,0.351194947697,2.32428942962,24.9709247857,60.8874088069,S
2.42669195732,-4.76848372202,-7.08530488412,-0.0279033164909,-0.93079214444,0.019677996508,0.172204517168,0.228095198797,0.182874151904,6.04603039073,11.0737739037,4.70476256078,S
2.64370949802,-4.4359202231,-4.45112966398,0.0888349468797,-0.60204973832,-0.096755900227,0.193437975448,0.207273852325,0.193906820514,8.06303470501,9.27844472203,6.93894712975,S
2.51885630116,-8.68773878813,-1.50572942921,-0.163449567605,-0.404024055914,0.353108512588,0.164363880641,0.232583526278,0.152940612732,4.15017089177,15.397719588,3.40921943291,S
2.69342376782,-9.18828657369,-0.13892756033,-0.226700795993,-0.293227503604,-0.126252888707,0.186462968798,0.251221471768,0.175092332155,6.41064024246,19.4749266307,8.31517041491,S
2.28776440198,-8.25756282806,-1.07759652982,-0.379257697606,-0.279551099083,0.0550649240378,0.165841355547,0.27434535681,0.17810583235,4.75485863589,28.3489083259,6.85753029707,S
2.97786202033,-9.16218089722,-1.34727939436,-0.397809689552,-0.112146104749,0.0110024612954,0.0556877897074,0.255261353505,0.178237558868,0.0693882778272,20.450958105,7.62854606531,S
2.48866453171,-9.75829811891,-0.0594755141681,-0.29564868947,0.432765327355,-0.194905676338,0.119996754392,0.217966132428,0.186369745547,1.5836979129,11.5204516814,10.8237279606,S
3.30043725449,-9.02597746054,1.21039490507,-0.00370419894625,0.214619477035,-0.0457611790721,0.188850899523,0.106529312889,0.138164830054,6.99443567529,0.886790811829,2.20851730434,S
3.40145483687,-7.65372738838,-3.11769758634,0.0796134480476,-0.621758979026,-0.0328623958573,0.150951156484,0.198094619755,0.199772764658,3.24163711826,8.2151822045,7.73855508226,S
3.7131338027,-2.23986619785,-0.300782700379,0.109003288397,0.905830939409,0.223711840187,0.159796977656,0.284427661358,0.351194947697,3.39309336069,24.9709247857,60.8874088069,W
1.69323623246,-4.76848372202,-7.08530488412,0.275990630775,-0.93079214444,-0.377260682833,0.179258920415,0.228095198797,0.182874151904,5.67382228907,11.0737739037,4.70476256078,W
2.5458699909,-4.4359202231,-4.45112966398,-0.105633616166,-0.60204973832,-0.11014195835,0.189382240593,0.207273852325,0.193906820514,6.77081790663,9.27844472203,6.93894712975,W
2.17993663934,-8.68773878813,-1.50572942921,0.0141919629657,-0.404024055914,0.20405772913,0.177476804011,0.232583526278,0.152940612732,5.46992007363,15.397719588,3.40921943291,W
2.56925159314,-9.18828657369,-0.13892756033,0.0907004519698,-0.293227503604,0.0247602507267,0.178142192787,0.251221471768,0.175092332155,5.02394817482,19.4749266307,8.31517041491,W
2.65619478499,-8.25756282806,-1.07759652982,-0.00960375578009,-0.279551099083,0.0315335680503,0.181850173047,0.27434535681,0.17810583235,6.34774051558,28.3489083259,6.85753029707,W
2.59172517459,-9.16218089722,-1.34727939436,0.111747366,-0.112146104749,0.148471958071,0.167143958884,0.255261353505,0.178237558868,5.34753542677,20.450958105,7.62854606531,W
2.97150584832,-9.75829811891,-0.0594755141681,-0.146306611762,0.432765327355,-0.174157593077,0.179336886992,0.217966132428,0.186369745547,6.70012058216,11.5204516814,10.8237279606,W
2.24122821142,-9.02597746054,1.21039490507,-0.226455583915,0.214619477035,-0.404283422238,0.184138455542,0.106529312889,0.138164830054,6.60849734905,0.886790811829,2.20851730434,W
2.30774092997,-7.65372738838,-3.11769758634,-0.17375214485,-0.621758979026,-0.0895908311279,0.167276652745,0.198094619755,0.199772764658,4.92270419996,8.2151822045,7.73855508226,W
2.11819106489,-9.06025531254,-1.44988602959,-0.169004291095,-0.209043820338,0.305871841706,0.156613075832,0.235725267229,0.168915127137,3.41227606302,17.1147349699,5.88193074872,W
2.48253538481,-8.97036100775,-1.24898589173,0.0474392204503,-0.18665437649,0.275244862949,0.160418180787,0.251193902217,0.159040348086,3.83814911178,20.2426522906,5.15591031895,W
2.77355681509,-9.00441189855,-1.14615226577,-0.0625593478888,-0.201768818034,-0.0366652849742,0.143232960657,0.232389895493,0.160980829963,2.52950976107,16.3709181824,5.59555627934,W
2.66958813798,-2.23986619785,-0.300782700379,0.410526616737,0.905830939409,0.470180758159,0.155071673311,0.284427661358,0.351194947697,3.40050066078,24.9709247857,60.8874088069,W
2.38969002267,-4.76848372202,-7.08530488412,-0.251371716493,-0.93079214444,0.37356961864,0.165260720672,0.228095198797,0.182874151904,4.20779060448,11.0737739037,4.70476256078,W
2.6968288503,-4.4359202231,-4.45112966398,0.0573062673981,-0.60204973832,0.206642978167,0.179733355127,0.207273852325,0.193906820514,6.31283578487,9.27844472203,6.93894712975,W
2.69001869311,-8.68773878813,-1.50572942921,-0.331541296486,-0.404024055914,0.385429085518,0.175892571626,0.232583526278,0.152940612732,5.3855840785,15.397719588,3.40921943291,W
2.06007760266,-9.18828657369,-0.13892756033,-0.149308469925,-0.293227503604,-0.143334508926,0.184038133172,0.251221471768,0.175092332155,5.75207860649,19.4749266307,8.31517041491,W
2.20059417449,-8.25756282806,-1.07759652982,-0.0924416941599,-0.279551099083,0.314257978974,0.179130807685,0.27434535681,0.17810583235,5.7477943416,28.3489083259,6.85753029707,W
2.50478194403,-9.16218089722,-1.34727939436,-0.306408545481,-0.112146104749,0.211534021895,0.186484632317,0.255261353505,0.178237558868,6.44825897401,20.450958105,7.62854606531,W
2.65415176923,-9.75829811891,-0.0594755141681,-0.40915396261,0.432765327355,-0.305044118818,0.175411404354,0.217966132428,0.186369745547,5.74139322744,11.5204516814,10.8237279606,W
2.26052371537,-9.02597746054,1.21039490507,0.26912620042,0.214619477035,0.262807925418,0.161991050983,0.106529312889,0.138164830054,3.49978504241,0.886790811829,2.20851730434,W
2.36744343986,-7.65372738838,-3.11769758634,0.257776660784,-0.621758979026,0.042715230452,0.16464337745,0.198094619755,0.199772764658,3.73312705431,8.2151822045,7.73855508226,W
2.49570169461,-9.06025531254,-1.44988602959,0.268863673433,-0.209043820338,0.296394267792,0.173536958439,0.235725267229,0.168915127137,5.41786886891,17.1147349699,5.88193074872,W
4.1989261865,2.57515373627,9.42255654335,-0.127225351459,-0.68811819799,0.177316356247,0.24281774776,0.0474076535841,0.0507271845484,16.5101000392,0.0256755337712,0.0392711071145,S
3.9449067189,2.06756878396,9.49065834681,-0.298668681716,-0.588612845244,0.0502545519348,0.190123016335,0.10511251822,0.079319135866,8.00433210503,0.48545396562,0.254297407609,S
6.10418583751,-4.83386142108,3.94263666319,0.0444772431137,0.908434142578,0.0127958567175,0.167086399593,0.255395467883,0.266745397578,4.68049723047,17.659428435,21.4903702639,S
6.14913299183,-6.5046240588,-5.53258524537,-0.0673020808936,-0.329018255935,-0.0233501918518,0.213191012468,0.169823427754,0.174211137381,12.6917554642,4.24646525869,4.34995308174,S
5.02000615249,-7.63420489132,-1.04990180687,-0.252098977262,-0.0730722784924,-0.000891989144157,0.201901810088,0.221138948838,0.154506181881,8.82577124145,13.2459137168,3.38319627126,S
5.93052642544,-7.38631460865,-1.03401140512,-0.0454177435211,-0.723534094693,0.133545584298,0.235033278047,0.173706857535,0.176473109582,18.8205854213,5.74783176884,4.93272765224,S
2.61056662736,2.57515373627,9.42255654335,0.123622757107,-0.68811819799,-0.00149081976439,0.149719270939,0.0474076535841,0.0507271845484,4.44175947099,0.0256755337712,0.0392711071145,S
3.81301633793,2.06756878396,9.49065834681,-0.100115928509,-0.588612845244,-0.0910905642386,0.198228915406,0.10511251822,0.079319135866,7.67242240709,0.48545396562,0.254297407609,S
3.8974624983,-4.83386142108,3.94263666319,-0.00675033056375,0.908434142578,0.00437209638156,0.190720760655,0.255395467883,0.266745397578,6.6357860531,17.659428435,21.4903702639,S
3.51563877915,-6.5046240588,-5.53258524537,-0.143181638897,-0.329018255935,0.0228113173027,0.177600694741,0.169823427754,0.174211137381,6.38683470583,4.24646525869,4.34995308174,S
2.2839053154,-7.63420489132,-1.04990180687,0.113727034235,-0.0730722784924,-1.25746556872e-05,0.0766658629313,0.221138948838,0.154506181881,0.237020648288,13.2459137168,3.38319627126,S
2.85255482445,-7.38631460865,-1.03401140512,-0.18443126055,-0.723534094693,0.0517267270522,0.103582305638,0.173706857535,0.176473109582,0.701452240045,5.74783176884,4.93272765224,S
3.73129427886,-8.53428295752,-1.64102488725,-0.104711403033,-0.0908326917116,0.104902134201,0.185160514943,0.217849304304,0.159955811297,6.22719411291,12.2269194478,3.54631766089,S
4.07793212061,-8.19195812596,-1.4959681915,0.0436873284885,-0.278314256331,0.25293653445,0.206177924065,0.257437661706,0.155492897246,9.11453694012,23.274353079,3.74702282897,S
4.43819030697,-7.19971584081,-1.73841038669,-0.0855988092029,0.0119259517487,-0.113699534891,0.178516528742,0.247962662287,0.175319986928,5.45850253649,20.8501504661,6.0383694206,S
4.03003391735,-7.9209132423,-1.01403488352,0.0336534626855,0.064455680292,-0.224754978881,0.180280899015,0.268597748331,0.179953712496,6.93990513982,30.2340538152,5.82362904726,S
5.39116063193,2.57515373627,9.42255654335,0.329688423534,-0.68811819799,-0.290323587488,0.180317531326,0.0474076535841,0.0507271845484,8.26611131106,0.0256755337712,0.0392711071145,W
5.61135628273,2.06756878396,9.49065834681,-0.00832598353421,-0.588612845244,-0.0894538630762,0.256373829296,0.10511251822,0.079319135866,22.9746010909,0.48545396562,0.254297407609,W
5.04361476203,-4.83386142108,3.94263666319,0.140635072905,0.908434142578,-0.0615057003654,0.182977217027,0.255395467883,0.266745397578,6.72676006109,17.659428435,21.4903702639,W
4.28428037067,-6.5046240588,-5.53258524537,-0.0176413306891,-0.329018255935,0.0233400386412,0.185359890456,0.169823427754,0.174211137381,6.08551167198,4.24646525869,4.34995308174,W
3.78373260436,-7.63420489132,-1.04990180687,-0.0730508982749,-0.0730722784924,-0.0751143900369,0.192120725143,0.221138948838,0.154506181881,9.40555227257,13.2459137168,3.38319627126,W
3.62255849141,-7.38631460865,-1.03401140512,-0.325591066205,-0.723534094693,0.120699873796,0.194120998341,0.173706857535,0.176473109582,7.88418848278,5.74783176884,4.93272765224,W
3.28431986639,-8.53428295752,-1.64102488725,-0.289125928367,-0.0908326917116,-0.25852855957,0.186032243089,0.217849304304,0.159955811297,6.85715546857,12.2269194478,3.54631766089,W
3.08455476922,-8.19195812596,-1.4959681915,0.38290722153,-0.278314256331,-0.100550228967,0.161403319468,0.257437661706,0.155492897246,3.48215498695,23.274353079,3.74702282897,W
3.30611239647,-7.19971584081,-1.73841038669,-0.198211952871,0.0119259517487,0.0479246097442,0.171573288062,0.247962662287,0.175319986928,6.27482658743,20.8501504661,6.0383694206,W
3.3033883522,-7.9209132423,-1.01403488352,-0.30978341098,0.064455680292,-0.329934567684,0.181906587669,0.268597748331,0.179953712496,6.86950625864,30.2340538152,5.82362904726,W
3.30792844593,-8.3499541839,-0.6083755292,-0.121100459984,-0.0772920270783,-0.123977227563,0.192530168585,0.16680176899,0.195451015469,9.39022450247,6.35814751389,8.25798752218,W
2.9258777154,-8.99533163706,-0.967044685657,-0.158018089174,0.0656993445917,-0.144791593959,0.176335337732,0.100900393044,0.105958331105,6.20458703398,0.682290845615,0.70844917862,W
2.84347459084,-7.47030675411,-3.24209677577,-0.209936162797,-0.888427841556,0.0338278826276,0.165036675675,0.153672613805,0.157243187485,4.37265864471,2.69333744436,2.60334427122,W
3.12359973738,-8.22146891851,-2.09685251531,0.00758321305787,-0.108583494517,-0.200272974773,0.177897243652,0.223558073408,0.201517772878,6.72185719988,15.6909085887,9.00519807068,W
3.15265647695,-7.89185644078,-2.03556095585,-0.0104596928796,-0.0136705268088,0.170274556676,0.176041983341,0.289118371922,0.193081608296,6.31577558173,33.3163054002,6.47988891725,W
2.4067154369,-8.45551186403,-0.983843119194,-0.182996913261,-0.145686486415,0.0593966477507,0.170561923326,0.23395253938,0.142719868505,5.56885780555,17.5530885551,2.33235820386,W
2.83507537171,-8.10614994603,-1.47962376606,0.244531340075,-0.0912888467412,-0.157445627601,0.160422976877,0.231847036842,0.159433389689,5.11149712265,15.9775102052,4.42975018772,W
2.64484453226,-8.75629452069,-0.881917512806,0.0174886036781,0.0772636969219,-0.135690992751,0.17849425616,0.217237351853,0.195119361743,5.66044017535,12.5927445227,11.3149478534,W
3.00056259415,2.57515373627,9.42255654335,-0.0569835896982,-0.68811819799,0.1327153859,0.157799277017,0.0474076535841,0.0507271845484,4.09468920185,0.0256755337712,0.0392711071145,W
2.44076631293,2.06756878396,9.49065834681,0.222815595658,-0.588612845244,-0.148770992675,0.173130006481,0.10511251822,0.079319135866,4.93864840009,0.48545396562,0.254297407609,W
2.55880933302,-4.83386142108,3.94263666319,0.0671820011523,0.908434142578,0.117516599338,0.187337536595,0.255395467883,0.266745397578,6.75187781599,17.659428435,21.4903702639,W
2.44190134077,-6.5046240588,-5.53258524537,-0.396624364768,-0.329018255935,-0.077170952398,0.176273139609,0.169823427754,0.174211137381,5.65075308913,4.24646525869,4.34995308174,W
2.77582688878,-7.63420489132,-1.04990180687,0.237378156897,-0.0730722784924,-0.0662710348279,0.174286212934,0.221138948838,0.154506181881,5.54135473663,13.2459137168,3.38319627126,W
2.79693837936,-7.38631460865,-1.03401140512,0.421644373856,-0.723534094693,-0.295143113539,0.184472469647,0.173706857535,0.176473109582,5.97117462081,5.74783176884,4.93272765224,W
2.43395614823,-8.53428295752,-1.64102488725,0.419633591324,-0.0908326917116,0.147298549024,0.174700750541,0.217849304304,0.159955811297,5.83118720726,12.2269194478,3.54631766089,W
2.66572904129,-8.19195812596,-1.4959681915,0.278492558561,-0.278314256331,0.157868591459,0.20171528751,0.257437661706,0.155492897246,8.31089610414,23.274353079,3.74702282897,W
2.13249244491,-7.19971584081,-1.73841038669,0.129107028336,0.0119259517487,0.192674876387,0.181688597766,0.247962662287,0.175319986928,6.38753420707,20.8501504661,6.0383694206,W
2.53156863482,-7.9209132423,-1.01403488352,0.0435517620094,0.064455680292,0.0293901930887,0.181686480809,0.268597748331,0.179953712496,6.49931487615,30.2340538152,5.82362904726,W
2.58037488659,-8.3499541839,-0.6083755292,0.111259754687,-0.0772920270783,-0.333811693219,0.165958861323,0.16680176899,0.195451015469,5.21097407113,6.35814751389,8.25798752218,W
2.31364306609,-8.99533163706,-0.967044685657,0.120583169788,0.0656993445917,0.428679664924,0.159137087718,0.100900393044,0.105958331105,4.06237942225,0.682290845615,0.70844917862,W
